{
  "global_model": {
    "X_thresholds": [
      0.001,
      0.015,
      0.02,
      0.04,
      0.045,
      0.05,
      0.057,
      0.12,
      0.1218,
      0.498
    ],
    "y_thresholds": [
      0.04597701149425287,
      0.04597701149425287,
      0.0646900269541779,
      0.0646900269541779,
      0.096045197740113,
      0.096045197740113,
      0.9932432432432432,
      0.9932432432432432,
      1.0,
      1.0
    ],
    "n_samples": 1000
  },
  "cluster_models": {
    "other": {
      "X_thresholds": [
        0.001,
        0.03,
        0.032,
        0.04,
        0.045,
        0.05,
        0.057,
        0.12,
        0.1218,
        0.498
      ],
      "y_thresholds": [
        0.04583333333333333,
        0.04583333333333333,
        0.060810810810810814,
        0.060810810810810814,
        0.09202453987730061,
        0.09202453987730061,
        0.9921259842519685,
        0.9921259842519685,
        1.0,
        1.0
      ],
      "n_samples": 868
    },
    "usa_politics": {
      "X_thresholds": [
        0.001,
        0.015,
        0.02,
        0.05,
        0.0638,
        0.4845
      ],
      "y_thresholds": [
        0.0,
        0.0,
        0.17647058823529413,
        0.17647058823529413,
        1.0,
        1.0
      ],
      "n_samples": 68
    }
  },
  "metadata": {
    "n_total": 1000,
    "n_clusters": 2,
    "clusters": [
      "other",
      "usa_politics"
    ]
  }
}