{
  "other": {
    "X_thresholds_": [
      0.001,
      0.03,
      0.032,
      0.04,
      0.045,
      0.05,
      0.057,
      0.12,
      0.1218,
      0.498
    ],
    "y_thresholds_": [
      0.04583333333333333,
      0.04583333333333333,
      0.060810810810810814,
      0.060810810810810814,
      0.09202453987730061,
      0.09202453987730061,
      0.9921259842519685,
      0.9921259842519685,
      1.0,
      1.0
    ]
  },
  "sports_nba": {
    "X_thresholds_": [
      0.015,
      0.03,
      0.04,
      0.05,
      0.0844,
      0.25
    ],
    "y_thresholds_": [
      0.0,
      0.0,
      0.15384615384615385,
      0.15384615384615385,
      1.0,
      1.0
    ]
  },
  "usa_politics": {
    "X_thresholds_": [
      0.001,
      0.015,
      0.02,
      0.05,
      0.0638,
      0.4845
    ],
    "y_thresholds_": [
      0.0,
      0.0,
      0.17647058823529413,
      0.17647058823529413,
      1.0,
      1.0
    ]
  }
}